customer_id,age,city,customer_segment,Recency,Frequency,Monetary,RFM_Score,Churn_Prediction,Churn_Probability,Risk_Level
C0001,58,Delhi,Budget,123,6,557684,3,1,100.0,High Risk
C0002,33,Mumbai,Budget,61,16,1455050,11,1,96.0,High Risk
C0003,61,Hyderabad,Regular,61,12,856505,8,1,98.0,High Risk
C0004,19,Mumbai,Premium,4,11,737491,10,0,0.0,Low Risk
C0005,56,Hyderabad,Premium,108,7,724011,4,1,100.0,High Risk
C0006,62,Mumbai,Regular,56,10,830905,7,1,100.0,High Risk
C0007,35,Mumbai,Budget,11,9,792303,8,0,0.0,Low Risk
C0008,39,Mumbai,Premium,27,14,1245310,13,0,0.0,Low Risk
C0009,24,Pune,Premium,5,17,1900940,15,0,0.0,Low Risk
C0010,40,Delhi,Budget,38,5,407413,4,0,0.0,Low Risk
C0011,52,Pune,Premium,16,16,1855660,14,0,0.0,Low Risk
C0012,36,Hyderabad,Premium,21,14,1343930,13,0,0.0,Low Risk
C0013,22,Chennai,Premium,29,9,652911,7,0,0.0,Low Risk
C0014,23,Delhi,Regular,73,12,868977,8,1,99.0,High Risk
C0015,47,Mumbai,Regular,267,6,811310,5,1,100.0,High Risk
C0016,31,Chennai,Budget,75,13,1063690,9,1,94.0,High Risk
C0017,22,Hyderabad,Budget,3,8,765760,9,0,0.0,Low Risk
C0018,28,Pune,Regular,4,8,847091,10,0,0.0,Low Risk
C0019,62,Chennai,Regular,4,15,1402320,15,0,0.0,Low Risk
C0020,32,Bangalore,Regular,0,13,998692,13,0,0.0,Low Risk
C0021,22,Hyderabad,Budget,195,6,463236,3,1,99.0,High Risk
C0022,31,Pune,Budget,0,19,1078500,14,0,0.0,Low Risk
C0023,27,Mumbai,Premium,45,13,1257140,11,0,0.0,Low Risk
C0024,52,Chennai,Budget,5,12,1671120,14,0,0.0,Low Risk
C0025,55,Bangalore,Premium,5,8,920164,10,0,0.0,Low Risk
C0026,50,Delhi,Premium,10,16,1640940,14,0,0.0,Low Risk
C0027,27,Chennai,Regular,7,5,677859,8,0,0.0,Low Risk
C0028,22,Pune,Budget,41,18,1392080,12,0,0.0,Low Risk
C0029,51,Hyderabad,Premium,27,8,332188,6,0,0.0,Low Risk
C0030,64,Chennai,Budget,39,7,857539,6,0,2.0,Low Risk
C0031,59,Delhi,Regular,5,10,957206,11,0,0.0,Low Risk
C0032,28,Delhi,Budget,37,9,868990,7,0,0.0,Low Risk
C0033,50,Hyderabad,Premium,0,9,1063190,11,0,0.0,Low Risk
C0034,37,Mumbai,Regular,12,10,1259650,12,0,0.0,Low Risk
C0035,52,Hyderabad,Regular,72,11,1206970,9,1,100.0,High Risk
C0036,19,Bangalore,Regular,14,5,268582,6,0,2.0,Low Risk
C0037,21,Hyderabad,Premium,9,8,685309,8,0,0.0,Low Risk
C0038,64,Delhi,Budget,82,7,1005730,6,1,98.0,High Risk
C0039,26,Hyderabad,Premium,54,6,441592,4,1,100.0,High Risk
C0040,51,Mumbai,Budget,5,11,1114970,12,0,0.0,Low Risk
C0041,30,Pune,Budget,20,13,1031060,11,0,0.0,Low Risk
C0042,41,Hyderabad,Regular,33,3,64609,5,0,9.0,Low Risk
C0043,33,Delhi,Regular,1,11,607981,9,0,0.0,Low Risk
C0044,55,Hyderabad,Premium,84,10,1185870,8,1,100.0,High Risk
C0045,22,Mumbai,Premium,23,8,429962,6,0,0.0,Low Risk
C0046,39,Hyderabad,Premium,91,6,395689,3,1,95.0,High Risk
C0047,60,Mumbai,Budget,25,16,1583360,13,0,0.0,Low Risk
C0048,64,Mumbai,Regular,99,5,541598,3,1,99.0,High Risk
C0049,30,Delhi,Budget,95,9,1019300,7,1,98.0,High Risk
C0050,40,Pune,Regular,2,10,972541,11,0,0.0,Low Risk
C0051,61,Delhi,Regular,90,9,955990,6,1,100.0,High Risk
C0052,24,Mumbai,Premium,41,17,1364620,12,0,0.0,Low Risk
C0053,46,Pune,Premium,35,11,1321510,10,0,0.0,Low Risk
C0054,47,Delhi,Regular,62,9,919717,6,1,100.0,High Risk
C0055,24,Chennai,Budget,142,10,609013,6,1,97.0,High Risk
C0056,23,Mumbai,Regular,25,8,768181,7,0,1.0,Low Risk
C0057,48,Pune,Premium,17,10,812126,10,0,0.0,Low Risk
C0058,42,Pune,Regular,38,17,1315780,12,0,0.0,Low Risk
C0059,36,Chennai,Budget,56,14,1232250,11,1,95.0,High Risk
C0060,60,Mumbai,Premium,1,7,500180,7,0,0.0,Low Risk
C0061,31,Hyderabad,Budget,9,7,516198,6,0,0.0,Low Risk
C0062,21,Delhi,Premium,10,13,977422,12,0,0.0,Low Risk
C0063,48,Delhi,Budget,104,8,707795,5,1,100.0,High Risk
C0064,29,Hyderabad,Premium,30,6,263149,5,0,3.0,Low Risk
C0065,33,Delhi,Budget,12,8,578289,7,0,0.0,Low Risk
C0066,55,Hyderabad,Premium,21,15,1728510,13,0,0.0,Low Risk
C0067,60,Bangalore,Premium,20,8,807864,8,0,0.0,Low Risk
C0068,63,Mumbai,Regular,21,17,1335030,13,0,0.0,Low Risk
C0069,26,Pune,Regular,72,11,1100550,8,1,98.0,High Risk
C0070,18,Hyderabad,Budget,44,8,295922,5,0,0.0,Low Risk
C0071,22,Hyderabad,Regular,3,7,719955,8,0,0.0,Low Risk
C0072,40,Mumbai,Regular,113,10,1106680,8,1,100.0,High Risk
C0073,28,Hyderabad,Budget,18,7,841261,8,0,0.0,Low Risk
C0074,57,Chennai,Budget,65,7,648432,4,1,100.0,High Risk
C0075,60,Mumbai,Regular,17,6,355377,6,0,1.0,Low Risk
C0076,24,Bangalore,Regular,25,8,325573,6,0,0.0,Low Risk
C0077,31,Mumbai,Budget,63,16,1098000,10,1,93.0,High Risk
C0078,34,Bangalore,Premium,18,8,472190,7,0,0.0,Low Risk
C0079,58,Bangalore,Premium,3,13,1206040,13,0,0.0,Low Risk
C0080,39,Chennai,Regular,6,11,1007540,12,0,0.0,Low Risk
C0081,65,Hyderabad,Budget,33,9,1147140,9,0,1.0,Low Risk
C0082,53,Delhi,Premium,65,5,653335,4,1,98.0,High Risk
C0083,27,Bangalore,Budget,24,13,867951,10,0,0.0,Low Risk
C0084,27,Mumbai,Premium,34,14,1162990,11,0,0.0,Low Risk
C0085,41,Bangalore,Premium,45,13,1230380,11,0,0.0,Low Risk
C0086,33,Bangalore,Budget,30,15,1301320,13,0,0.0,Low Risk
C0087,57,Mumbai,Premium,26,10,453561,7,0,0.0,Low Risk
C0088,44,Mumbai,Budget,1,10,829718,11,0,0.0,Low Risk
C0089,44,Bangalore,Premium,1,11,976485,12,0,0.0,Low Risk
C0090,24,Delhi,Regular,23,9,870371,8,0,0.0,Low Risk
C0091,30,Bangalore,Regular,12,14,1498060,14,0,0.0,Low Risk
C0092,32,Chennai,Premium,17,18,1124280,13,0,0.0,Low Risk
C0093,39,Delhi,Regular,6,9,1417470,12,0,0.0,Low Risk
C0094,59,Chennai,Budget,8,13,957077,12,0,0.0,Low Risk
C0095,19,Bangalore,Premium,10,14,1434410,14,0,0.0,Low Risk
C0096,34,Delhi,Budget,20,11,1041020,10,0,0.0,Low Risk
C0097,40,Pune,Budget,42,12,992977,10,0,0.0,Low Risk
C0098,25,Hyderabad,Premium,30,9,796821,7,0,1.0,Low Risk
C0099,20,Delhi,Budget,18,5,523327,6,0,0.0,Low Risk
C0100,61,Bangalore,Regular,34,10,1000500,9,0,1.0,Low Risk
C0101,60,Hyderabad,Regular,28,7,535087,5,0,0.0,Low Risk
C0102,25,Hyderabad,Regular,30,13,944650,10,0,0.0,Low Risk
C0103,44,Pune,Budget,35,13,1121670,10,0,0.0,Low Risk
C0104,53,Mumbai,Regular,43,13,1363980,11,0,0.0,Low Risk
C0105,42,Hyderabad,Budget,12,14,1428600,14,0,0.0,Low Risk
C0106,43,Bangalore,Regular,25,9,634778,7,0,0.0,Low Risk
C0107,45,Pune,Regular,13,7,821512,8,0,0.0,Low Risk
C0108,61,Hyderabad,Regular,50,13,1198390,10,1,96.0,High Risk
C0109,60,Bangalore,Budget,35,11,864734,8,0,0.0,Low Risk
C0110,58,Delhi,Premium,19,7,587441,6,0,0.0,Low Risk
C0111,37,Mumbai,Premium,107,7,807731,5,1,100.0,High Risk
C0112,20,Pune,Budget,4,11,1108280,12,0,0.0,Low Risk
C0113,47,Chennai,Budget,39,15,1390220,12,0,0.0,Low Risk
C0114,63,Pune,Regular,0,16,1548440,15,0,0.0,Low Risk
C0115,27,Delhi,Regular,20,9,1025070,9,0,0.0,Low Risk
C0116,29,Delhi,Budget,29,11,1145850,10,0,0.0,Low Risk
C0117,25,Mumbai,Regular,7,14,1206760,15,0,0.0,Low Risk
C0118,51,Pune,Budget,20,9,641543,7,0,0.0,Low Risk
C0119,45,Mumbai,Budget,25,6,596462,5,0,1.0,Low Risk
C0120,46,Mumbai,Budget,19,5,509631,6,0,0.0,Low Risk
C0121,51,Chennai,Premium,77,9,994904,7,1,100.0,High Risk
C0122,46,Chennai,Regular,8,8,1004010,11,0,0.0,Low Risk
C0123,35,Bangalore,Budget,29,6,769432,6,0,0.0,Low Risk
C0124,26,Mumbai,Regular,3,11,1254720,13,0,0.0,Low Risk
C0125,27,Delhi,Regular,12,10,672214,9,0,0.0,Low Risk
C0126,39,Pune,Premium,41,19,1365620,12,0,0.0,Low Risk
C0127,44,Hyderabad,Budget,22,9,1049490,9,0,0.0,Low Risk
C0128,54,Pune,Premium,21,10,711848,8,0,1.0,Low Risk
C0129,37,Pune,Budget,42,9,908276,7,0,1.0,Low Risk
C0130,56,Pune,Premium,11,8,804070,9,0,0.0,Low Risk
C0131,45,Delhi,Regular,84,9,968676,6,1,100.0,High Risk
C0132,60,Chennai,Premium,37,7,706208,5,0,1.0,Low Risk
C0133,26,Pune,Budget,43,9,908479,7,0,4.0,Low Risk
C0134,60,Delhi,Budget,28,10,1069510,10,0,0.0,Low Risk
C0135,26,Mumbai,Premium,23,13,1134670,11,0,0.0,Low Risk
C0136,42,Mumbai,Regular,14,6,652017,7,0,0.0,Low Risk
C0137,39,Bangalore,Regular,9,9,702447,8,0,0.0,Low Risk
C0138,23,Delhi,Budget,35,9,911918,7,0,0.0,Low Risk
C0139,21,Mumbai,Budget,4,11,684113,10,0,0.0,Low Risk
C0140,59,Delhi,Premium,183,3,694813,4,1,100.0,High Risk
C0141,19,Mumbai,Premium,40,13,1321490,11,0,0.0,Low Risk
C0142,60,Hyderabad,Premium,82,7,672261,4,1,98.0,High Risk
C0143,62,Bangalore,Premium,23,8,752451,7,0,0.0,Low Risk
C0144,56,Mumbai,Regular,61,5,240254,3,1,100.0,High Risk
C0145,55,Bangalore,Budget,22,9,744944,7,0,0.0,Low Risk
C0146,42,Chennai,Premium,101,11,1124810,8,1,100.0,High Risk
C0147,55,Delhi,Budget,32,7,627504,6,0,0.0,Low Risk
C0148,61,Hyderabad,Premium,72,10,847121,7,1,100.0,High Risk
C0149,52,Chennai,Regular,49,14,844558,10,1,89.0,High Risk
C0150,50,Delhi,Regular,43,10,693800,7,0,0.0,Low Risk
C0151,24,Bangalore,Budget,61,10,757948,6,1,98.0,High Risk
C0152,63,Pune,Premium,2,10,822820,11,0,0.0,Low Risk
C0153,59,Hyderabad,Budget,4,9,1275410,12,0,1.0,Low Risk
C0154,47,Chennai,Budget,53,11,1094620,9,1,99.0,High Risk
C0155,38,Delhi,Regular,79,11,924990,7,1,100.0,High Risk
C0156,33,Hyderabad,Budget,20,12,1144760,11,0,0.0,Low Risk
C0157,42,Delhi,Regular,15,7,1030720,9,0,0.0,Low Risk
C0158,29,Mumbai,Regular,4,10,934455,11,0,0.0,Low Risk
C0159,39,Hyderabad,Budget,15,9,841356,9,0,0.0,Low Risk
C0160,53,Hyderabad,Premium,108,12,1610280,10,1,99.0,High Risk
C0161,33,Pune,Budget,22,14,1582110,13,0,0.0,Low Risk
C0162,62,Chennai,Budget,20,10,760844,8,0,0.0,Low Risk
C0163,46,Delhi,Regular,29,11,1158960,10,0,0.0,Low Risk
C0164,43,Bangalore,Budget,2,8,799939,10,0,0.0,Low Risk
C0165,41,Hyderabad,Budget,48,11,665299,7,1,97.0,High Risk
C0166,45,Bangalore,Budget,50,9,881013,7,1,99.0,High Risk
C0167,35,Bangalore,Premium,104,9,712773,5,1,100.0,High Risk
C0168,64,Bangalore,Premium,11,12,1029690,12,0,0.0,Low Risk
C0169,62,Mumbai,Premium,2,8,751990,9,0,0.0,Low Risk
C0170,35,Delhi,Premium,64,12,1149750,9,1,99.0,High Risk
C0171,32,Mumbai,Regular,0,11,994087,12,0,0.0,Low Risk
C0172,63,Bangalore,Premium,78,9,773432,5,1,98.0,High Risk
C0173,53,Chennai,Premium,29,9,1155540,9,0,2.0,Low Risk
C0174,49,Delhi,Budget,14,10,1055220,11,0,0.0,Low Risk
C0175,48,Pune,Regular,13,12,1579860,13,0,0.0,Low Risk
C0176,21,Pune,Premium,14,9,1003090,10,0,0.0,Low Risk
C0177,43,Delhi,Budget,14,10,1260170,12,0,0.0,Low Risk
C0178,61,Mumbai,Premium,25,8,743758,7,0,0.0,Low Risk
C0179,37,Mumbai,Premium,5,7,721357,8,0,0.0,Low Risk
C0180,44,Hyderabad,Regular,31,6,991466,8,0,0.0,Low Risk
C0181,46,Hyderabad,Regular,34,10,975176,8,0,0.0,Low Risk
C0182,54,Hyderabad,Budget,37,8,821373,7,0,0.0,Low Risk
C0183,31,Bangalore,Budget,0,5,580427,7,0,0.0,Low Risk
C0184,28,Mumbai,Budget,109,8,676744,5,1,100.0,High Risk
C0185,28,Pune,Regular,45,8,658782,6,0,1.0,Low Risk
C0186,56,Bangalore,Premium,18,6,352539,6,0,1.0,Low Risk
C0187,36,Chennai,Regular,33,6,727517,6,0,0.0,Low Risk
C0188,61,Bangalore,Budget,3,9,920460,10,0,1.0,Low Risk
C0189,60,Pune,Premium,28,10,875958,9,0,0.0,Low Risk
C0190,32,Bangalore,Premium,3,13,822819,12,0,0.0,Low Risk
C0191,21,Bangalore,Budget,8,13,1060320,13,0,0.0,Low Risk
C0192,36,Delhi,Regular,68,12,1418310,10,1,99.0,High Risk
C0193,37,Bangalore,Budget,22,14,1154220,12,0,0.0,Low Risk
C0194,49,Delhi,Budget,5,15,921921,13,0,0.0,Low Risk
C0195,45,Hyderabad,Regular,14,6,284309,6,0,1.0,Low Risk
C0196,23,Chennai,Budget,42,10,975851,9,0,0.0,Low Risk
C0197,19,Hyderabad,Premium,13,12,1415560,13,0,0.0,Low Risk
C0198,48,Bangalore,Premium,1,6,887443,9,0,0.0,Low Risk
C0199,45,Delhi,Regular,8,12,1132350,13,0,0.0,Low Risk
C0200,44,Bangalore,Budget,42,8,752507,6,0,1.0,Low Risk
C0201,28,Pune,Budget,11,14,1073180,13,0,0.0,Low Risk
C0202,36,Hyderabad,Premium,28,8,417205,6,0,0.0,Low Risk
C0203,23,Bangalore,Regular,1,9,1053450,11,0,0.0,Low Risk
C0204,43,Chennai,Budget,17,14,742347,11,0,0.0,Low Risk
C0205,44,Mumbai,Budget,8,13,974864,12,0,0.0,Low Risk
C0206,57,Chennai,Regular,48,13,1237690,11,1,92.0,High Risk
C0207,31,Hyderabad,Premium,10,13,753902,10,0,0.0,Low Risk
C0208,46,Delhi,Premium,3,11,741348,10,0,0.0,Low Risk
C0209,56,Chennai,Premium,35,5,315448,4,0,8.0,Low Risk
C0210,53,Hyderabad,Regular,2,10,374653,9,0,2.0,Low Risk
C0211,32,Pune,Premium,130,5,413335,3,1,99.0,High Risk
C0212,27,Chennai,Regular,90,7,780123,4,1,100.0,High Risk
C0213,63,Pune,Regular,20,12,1188990,11,0,0.0,Low Risk
C0214,33,Hyderabad,Premium,35,9,708883,6,0,0.0,Low Risk
C0215,30,Delhi,Regular,1,18,1794340,15,0,0.0,Low Risk
C0216,39,Delhi,Regular,37,9,638955,6,0,0.0,Low Risk
C0217,55,Mumbai,Regular,13,14,1016030,13,0,0.0,Low Risk
C0218,48,Bangalore,Budget,40,12,1398520,11,0,1.0,Low Risk
C0219,42,Bangalore,Premium,52,15,1507540,12,1,82.0,High Risk
C0220,33,Mumbai,Regular,10,6,612317,7,0,0.0,Low Risk
C0221,38,Chennai,Regular,26,11,700144,8,0,1.0,Low Risk
C0222,60,Pune,Premium,21,10,877106,9,0,0.0,Low Risk
C0223,50,Delhi,Regular,6,15,885451,13,0,0.0,Low Risk
C0224,51,Delhi,Budget,139,6,442944,3,1,100.0,High Risk
C0225,44,Delhi,Regular,13,8,595770,7,0,0.0,Low Risk
C0226,39,Chennai,Premium,0,10,910112,11,0,0.0,Low Risk
C0227,61,Bangalore,Budget,42,5,327922,4,0,8.0,Low Risk
C0228,52,Hyderabad,Premium,40,6,580757,4,0,3.0,Low Risk
C0229,58,Mumbai,Budget,8,9,968263,10,0,0.0,Low Risk
C0230,45,Chennai,Budget,45,8,543031,5,0,0.0,Low Risk
C0231,46,Chennai,Regular,3,13,1395950,14,0,0.0,Low Risk
C0232,20,Delhi,Regular,16,12,697486,10,0,0.0,Low Risk
C0233,41,Mumbai,Premium,27,17,1734150,13,0,0.0,Low Risk
C0234,44,Mumbai,Premium,61,2,251804,3,1,100.0,High Risk
C0235,57,Hyderabad,Budget,209,7,934207,5,1,100.0,High Risk
C0236,49,Mumbai,Regular,17,8,587349,7,0,0.0,Low Risk
C0237,34,Bangalore,Budget,10,10,779121,9,0,0.0,Low Risk
C0238,47,Chennai,Budget,2,14,1517730,15,0,0.0,Low Risk
C0239,22,Bangalore,Budget,53,3,110206,4,1,97.0,High Risk
C0240,58,Chennai,Regular,150,3,199572,3,1,100.0,High Risk
C0241,37,Pune,Regular,35,9,1169190,8,0,0.0,Low Risk
C0242,33,Hyderabad,Regular,17,7,929104,8,0,0.0,Low Risk
C0243,36,Delhi,Budget,10,17,1777230,14,0,0.0,Low Risk
C0244,35,Hyderabad,Budget,4,9,814618,10,0,0.0,Low Risk
C0245,56,Bangalore,Premium,16,14,782396,11,0,3.0,Low Risk
C0246,40,Chennai,Premium,17,20,2230760,14,0,0.0,Low Risk
C0247,34,Chennai,Premium,42,11,756845,7,0,3.0,Low Risk
C0248,59,Bangalore,Regular,73,9,803282,6,1,100.0,High Risk
C0249,55,Chennai,Premium,5,11,492744,9,0,0.0,Low Risk
C0250,36,Chennai,Regular,35,9,1358460,9,0,0.0,Low Risk
C0251,30,Hyderabad,Regular,37,11,585956,6,0,0.0,Low Risk
C0252,50,Mumbai,Regular,34,14,1530250,12,0,0.0,Low Risk
C0253,36,Delhi,Regular,3,12,944683,12,0,0.0,Low Risk
C0254,27,Chennai,Budget,19,13,1029530,12,0,0.0,Low Risk
C0255,43,Delhi,Regular,3,12,825759,12,0,0.0,Low Risk
C0256,34,Pune,Regular,65,10,1077400,8,1,96.0,High Risk
C0257,65,Hyderabad,Regular,13,11,716363,9,0,0.0,Low Risk
C0258,41,Chennai,Premium,9,19,1676820,14,0,0.0,Low Risk
C0259,19,Hyderabad,Premium,11,7,978524,9,0,0.0,Low Risk
C0260,22,Chennai,Regular,28,10,1248560,11,0,0.0,Low Risk
C0261,44,Mumbai,Premium,0,6,575590,7,0,0.0,Low Risk
C0262,37,Delhi,Premium,13,6,690958,7,0,0.0,Low Risk
C0263,52,Pune,Regular,76,6,571774,3,1,99.0,High Risk
C0264,60,Hyderabad,Budget,28,5,387749,5,0,2.0,Low Risk
C0265,44,Pune,Budget,101,10,787275,6,1,100.0,High Risk
C0266,35,Chennai,Regular,54,8,810552,7,1,99.0,High Risk
C0267,46,Mumbai,Regular,7,13,1532730,14,0,0.0,Low Risk
C0268,61,Hyderabad,Budget,57,10,1050100,8,1,96.0,High Risk
C0269,21,Bangalore,Premium,55,12,938039,9,1,94.0,High Risk
C0270,47,Chennai,Premium,26,8,939164,8,0,0.0,Low Risk
C0271,58,Delhi,Regular,7,11,1302800,13,0,1.0,Low Risk
C0272,26,Delhi,Budget,18,9,764773,8,0,0.0,Low Risk
C0273,55,Mumbai,Regular,15,12,1164560,12,0,0.0,Low Risk
C0274,56,Bangalore,Premium,14,8,864392,9,0,0.0,Low Risk
C0275,52,Mumbai,Premium,19,8,633754,8,0,0.0,Low Risk
C0276,19,Delhi,Regular,29,12,1038700,11,0,0.0,Low Risk
C0277,55,Delhi,Premium,72,11,1027700,8,1,99.0,High Risk
C0278,21,Chennai,Regular,27,12,1098440,11,0,0.0,Low Risk
C0279,25,Pune,Regular,15,7,563225,6,0,0.0,Low Risk
C0280,50,Pune,Budget,65,7,565045,3,1,100.0,High Risk
C0281,57,Chennai,Budget,51,10,635743,7,1,97.0,High Risk
C0282,37,Chennai,Premium,37,6,398240,4,0,0.0,Low Risk
C0283,48,Pune,Budget,59,5,265714,3,1,100.0,High Risk
C0284,49,Delhi,Premium,66,6,561887,3,1,100.0,High Risk
C0285,56,Delhi,Premium,36,9,727659,6,0,0.0,Low Risk
C0286,57,Pune,Budget,38,12,658785,8,0,2.0,Low Risk
C0287,36,Hyderabad,Budget,32,10,1080580,10,0,0.0,Low Risk
C0288,24,Chennai,Budget,6,16,1800040,15,0,0.0,Low Risk
C0289,64,Pune,Regular,67,12,939317,8,1,100.0,High Risk
C0290,44,Pune,Regular,15,15,1117860,13,0,0.0,Low Risk
C0291,64,Bangalore,Regular,35,13,839575,9,0,3.0,Low Risk
C0292,60,Bangalore,Premium,30,11,1127890,10,0,0.0,Low Risk
C0293,48,Delhi,Premium,32,15,1434460,13,0,0.0,Low Risk
C0294,45,Chennai,Budget,24,12,1062450,11,0,0.0,Low Risk
C0295,26,Hyderabad,Budget,91,11,911331,7,1,100.0,High Risk
C0296,39,Pune,Regular,15,14,787511,11,0,0.0,Low Risk
C0297,45,Bangalore,Budget,29,6,576660,5,0,1.0,Low Risk
C0298,40,Hyderabad,Budget,44,10,1058630,9,0,0.0,Low Risk
C0299,27,Mumbai,Premium,11,7,877573,8,0,0.0,Low Risk
C0300,53,Delhi,Regular,13,16,1409740,14,0,0.0,Low Risk
C0301,32,Hyderabad,Budget,36,12,1180030,10,0,0.0,Low Risk
C0302,61,Hyderabad,Budget,73,11,1780300,9,1,99.0,High Risk
C0303,35,Mumbai,Regular,19,7,692491,7,0,0.0,Low Risk
C0304,37,Bangalore,Premium,5,13,718792,11,0,0.0,Low Risk
C0305,27,Delhi,Premium,6,6,397074,7,0,0.0,Low Risk
C0306,19,Chennai,Budget,5,12,1444390,14,0,0.0,Low Risk
C0307,42,Pune,Regular,13,18,1826920,14,0,0.0,Low Risk
C0308,41,Chennai,Regular,19,9,807559,9,0,0.0,Low Risk
C0309,56,Delhi,Premium,7,5,292774,7,0,2.0,Low Risk
C0310,57,Chennai,Premium,16,8,689779,8,0,0.0,Low Risk
C0311,46,Pune,Budget,13,13,1238330,13,0,0.0,Low Risk
C0312,44,Mumbai,Budget,0,9,601766,8,0,0.0,Low Risk
C0313,40,Delhi,Regular,13,11,1403460,12,0,0.0,Low Risk
C0314,61,Hyderabad,Budget,9,9,1280500,11,0,1.0,Low Risk
C0315,20,Pune,Budget,34,8,444658,5,0,0.0,Low Risk
C0316,18,Bangalore,Premium,29,10,960378,9,0,0.0,Low Risk
C0317,34,Bangalore,Premium,1,6,577974,7,0,0.0,Low Risk
C0318,49,Mumbai,Premium,51,12,1543950,11,1,94.0,High Risk
C0319,52,Hyderabad,Budget,8,8,865530,10,0,0.0,Low Risk
C0320,40,Pune,Budget,23,7,809658,7,0,0.0,Low Risk
C0321,45,Pune,Premium,10,12,1086020,12,0,0.0,Low Risk
C0322,54,Hyderabad,Regular,50,11,1176110,9,1,99.0,High Risk
C0323,58,Bangalore,Premium,0,14,1163850,14,0,0.0,Low Risk
C0324,19,Mumbai,Budget,118,8,518710,4,1,99.0,High Risk
C0325,62,Delhi,Regular,48,7,470018,4,1,92.0,High Risk
C0326,33,Hyderabad,Regular,123,7,599236,3,1,100.0,High Risk
C0327,23,Bangalore,Budget,60,8,946933,6,1,99.0,High Risk
C0328,32,Mumbai,Premium,30,11,1004550,10,0,0.0,Low Risk
C0329,58,Hyderabad,Budget,69,8,421491,4,1,100.0,High Risk
C0330,40,Chennai,Budget,49,8,754225,6,1,97.0,High Risk
C0331,33,Mumbai,Regular,0,7,283960,7,0,0.0,Low Risk
C0332,29,Chennai,Premium,32,11,612614,8,0,1.0,Low Risk
C0333,58,Pune,Budget,29,11,649697,8,0,0.0,Low Risk
C0334,46,Chennai,Regular,99,7,968498,5,1,99.0,High Risk
C0335,46,Pune,Regular,119,5,180361,3,1,100.0,High Risk
C0336,37,Hyderabad,Premium,20,7,495983,5,0,0.0,Low Risk
C0337,50,Bangalore,Regular,6,10,1020630,12,0,0.0,Low Risk
C0338,20,Bangalore,Regular,7,11,1513410,13,0,0.0,Low Risk
C0339,59,Hyderabad,Budget,12,8,807508,9,0,0.0,Low Risk
C0340,42,Hyderabad,Budget,35,11,1202470,9,0,0.0,Low Risk
C0341,46,Bangalore,Budget,3,7,297960,7,0,1.0,Low Risk
C0342,50,Delhi,Regular,4,16,1475200,15,0,0.0,Low Risk
C0343,39,Hyderabad,Budget,24,6,787128,6,0,0.0,Low Risk
C0344,20,Chennai,Regular,58,8,673757,5,1,99.0,High Risk
C0345,51,Bangalore,Regular,98,9,623749,5,1,99.0,High Risk
C0346,42,Bangalore,Budget,16,6,538948,6,0,0.0,Low Risk
C0347,21,Delhi,Regular,23,7,453046,5,0,0.0,Low Risk
C0348,53,Bangalore,Regular,18,7,633006,7,0,0.0,Low Risk
C0349,56,Bangalore,Premium,19,11,626711,9,0,0.0,Low Risk
C0350,60,Bangalore,Regular,44,12,830272,9,0,2.0,Low Risk
C0351,62,Mumbai,Budget,35,12,869877,9,0,1.0,Low Risk
C0352,23,Hyderabad,Regular,31,9,630014,7,0,0.0,Low Risk
C0353,39,Chennai,Budget,31,10,822196,9,0,0.0,Low Risk
C0354,51,Chennai,Budget,1,11,706815,10,0,0.0,Low Risk
C0355,50,Delhi,Regular,28,2,392547,5,0,3.0,Low Risk
C0356,29,Bangalore,Regular,1,12,1453970,14,0,0.0,Low Risk
C0357,32,Mumbai,Premium,27,7,532851,5,0,0.0,Low Risk
C0358,24,Chennai,Regular,8,7,812588,9,0,0.0,Low Risk
C0359,26,Mumbai,Premium,44,11,1271430,10,0,1.0,Low Risk
C0360,62,Chennai,Regular,1,13,706134,11,0,2.0,Low Risk
C0361,44,Chennai,Budget,24,12,1256590,12,0,0.0,Low Risk
C0362,46,Chennai,Regular,105,9,598512,4,1,100.0,High Risk
C0363,52,Bangalore,Regular,52,10,639357,7,1,98.0,High Risk
C0364,41,Pune,Regular,13,9,688249,8,0,0.0,Low Risk
C0365,50,Mumbai,Premium,143,7,345920,3,1,100.0,High Risk
C0366,26,Delhi,Budget,5,8,847386,10,0,0.0,Low Risk
C0367,41,Chennai,Budget,35,10,912579,8,0,1.0,Low Risk
C0368,36,Mumbai,Regular,14,10,802384,10,0,0.0,Low Risk
C0369,50,Pune,Premium,8,10,1161420,12,0,0.0,Low Risk
C0370,46,Delhi,Regular,9,12,996929,12,0,0.0,Low Risk
C0371,43,Mumbai,Regular,0,9,710492,9,0,0.0,Low Risk
C0372,41,Delhi,Regular,0,10,1505150,13,0,0.0,Low Risk
C0373,63,Mumbai,Premium,7,9,969137,10,0,1.0,Low Risk
C0374,36,Chennai,Premium,45,11,580251,6,0,0.0,Low Risk
C0375,48,Hyderabad,Premium,26,13,1224470,12,0,0.0,Low Risk
C0376,19,Mumbai,Premium,31,7,1075460,8,0,0.0,Low Risk
C0377,64,Delhi,Regular,55,8,747335,6,1,98.0,High Risk
C0378,37,Delhi,Premium,6,15,1805380,15,0,0.0,Low Risk
C0379,58,Delhi,Premium,38,11,853572,8,0,1.0,Low Risk
C0380,56,Chennai,Budget,63,14,843995,9,1,97.0,High Risk
C0381,33,Bangalore,Regular,51,7,611598,5,1,95.0,High Risk
C0382,57,Mumbai,Budget,130,8,644983,5,1,99.0,High Risk
C0383,29,Hyderabad,Regular,2,10,1100680,12,0,0.0,Low Risk
C0384,51,Pune,Regular,38,8,970073,7,0,2.0,Low Risk
C0385,58,Bangalore,Regular,96,10,811954,7,1,100.0,High Risk
C0386,40,Bangalore,Premium,2,12,803821,12,0,0.0,Low Risk
C0387,58,Hyderabad,Budget,4,7,845131,9,0,0.0,Low Risk
C0388,26,Bangalore,Budget,40,16,1061390,11,0,0.0,Low Risk
C0389,59,Chennai,Regular,71,8,1123160,7,1,96.0,High Risk
C0390,48,Mumbai,Premium,174,7,493504,3,1,100.0,High Risk
C0391,20,Mumbai,Premium,33,13,1248560,12,0,0.0,Low Risk
C0392,20,Bangalore,Budget,27,7,653885,6,0,0.0,Low Risk
C0393,52,Bangalore,Premium,2,15,1572960,15,0,0.0,Low Risk
C0394,30,Bangalore,Premium,13,9,754841,8,0,0.0,Low Risk
C0395,39,Delhi,Regular,14,11,1040130,11,0,0.0,Low Risk
C0396,43,Pune,Regular,6,16,1273440,15,0,0.0,Low Risk
C0397,49,Bangalore,Budget,53,8,921911,7,1,100.0,High Risk
C0398,23,Delhi,Regular,92,7,693115,4,1,100.0,High Risk
C0399,29,Bangalore,Premium,15,15,1614420,14,0,0.0,Low Risk
C0400,38,Bangalore,Regular,78,12,1233440,10,1,100.0,High Risk
C0401,63,Mumbai,Budget,90,8,488442,4,1,100.0,High Risk
C0402,40,Delhi,Budget,80,9,888703,6,1,100.0,High Risk
C0403,57,Bangalore,Budget,4,14,2003370,15,0,0.0,Low Risk
C0404,22,Bangalore,Budget,42,7,691377,5,0,2.0,Low Risk
C0405,28,Mumbai,Budget,36,14,1127310,11,0,0.0,Low Risk
C0406,46,Mumbai,Premium,43,13,1391520,11,0,0.0,Low Risk
C0407,59,Bangalore,Regular,28,6,380753,5,0,1.0,Low Risk
C0408,20,Chennai,Regular,50,9,681046,6,1,97.0,High Risk
C0409,41,Delhi,Budget,32,7,604443,5,0,2.0,Low Risk
C0410,51,Pune,Regular,1,13,972880,12,0,0.0,Low Risk
C0411,35,Delhi,Premium,5,11,713032,10,0,0.0,Low Risk
C0412,49,Hyderabad,Premium,22,12,1462040,12,0,0.0,Low Risk
C0413,34,Mumbai,Budget,50,11,1256920,10,1,98.0,High Risk
C0414,62,Mumbai,Premium,18,12,1124550,12,0,0.0,Low Risk
C0415,22,Mumbai,Budget,46,6,384361,4,0,4.0,Low Risk
C0416,23,Chennai,Regular,10,11,985682,11,0,0.0,Low Risk
C0417,22,Bangalore,Premium,22,7,767709,6,0,0.0,Low Risk
C0418,63,Bangalore,Budget,120,4,364621,3,1,100.0,High Risk
C0419,25,Mumbai,Premium,77,9,873230,6,1,100.0,High Risk
C0420,19,Hyderabad,Budget,15,7,977265,9,0,0.0,Low Risk
C0421,47,Hyderabad,Premium,7,8,1016050,11,0,0.0,Low Risk
C0422,37,Chennai,Budget,60,9,955497,6,1,100.0,High Risk
C0423,51,Pune,Budget,202,3,173291,3,1,100.0,High Risk
C0424,26,Chennai,Premium,108,5,331171,3,1,99.0,High Risk
C0425,47,Mumbai,Budget,54,13,1096470,10,1,99.0,High Risk
C0426,55,Mumbai,Regular,44,6,778818,5,0,5.0,Low Risk
C0427,21,Hyderabad,Premium,62,11,1138290,8,1,100.0,High Risk
C0428,28,Bangalore,Budget,18,16,1409310,14,0,0.0,Low Risk
C0429,40,Delhi,Regular,26,8,754100,7,0,0.0,Low Risk
C0430,58,Mumbai,Budget,117,7,373673,3,1,99.0,High Risk
C0431,57,Hyderabad,Budget,91,4,306565,3,1,100.0,High Risk
C0432,55,Mumbai,Budget,53,11,1060620,9,1,93.0,High Risk
C0433,64,Hyderabad,Premium,21,12,987688,11,0,0.0,Low Risk
C0434,23,Chennai,Budget,8,12,1172390,13,0,0.0,Low Risk
C0435,59,Hyderabad,Regular,44,8,522867,5,0,0.0,Low Risk
C0436,58,Pune,Budget,11,16,1317680,14,0,0.0,Low Risk
C0437,36,Pune,Premium,50,6,503133,4,1,96.0,High Risk
C0438,43,Pune,Premium,58,10,959189,7,1,100.0,High Risk
C0439,21,Pune,Regular,47,7,449241,4,0,16.0,Low Risk
C0440,47,Bangalore,Budget,4,9,578031,8,0,0.0,Low Risk
C0441,38,Chennai,Regular,36,14,1784610,12,0,0.0,Low Risk
C0442,26,Hyderabad,Budget,1,11,1037560,12,0,0.0,Low Risk
C0443,38,Pune,Premium,34,5,562850,4,0,3.0,Low Risk
C0444,46,Mumbai,Premium,95,14,1159760,10,1,99.0,High Risk
C0445,36,Hyderabad,Regular,42,16,1125390,11,0,0.0,Low Risk
C0446,28,Hyderabad,Budget,2,5,308945,7,0,0.0,Low Risk
C0447,30,Pune,Budget,48,8,959737,7,1,99.0,High Risk
C0448,49,Pune,Premium,6,10,917772,11,0,0.0,Low Risk
C0449,43,Mumbai,Premium,10,10,794091,9,0,0.0,Low Risk
C0450,40,Delhi,Regular,70,9,1238440,8,1,96.0,High Risk
C0451,56,Bangalore,Budget,177,2,103372,3,1,100.0,High Risk
C0452,24,Mumbai,Regular,153,5,560161,3,1,100.0,High Risk
C0453,43,Delhi,Regular,0,11,1392170,13,0,0.0,Low Risk
C0454,54,Bangalore,Budget,38,10,1015700,9,0,0.0,Low Risk
C0455,22,Hyderabad,Regular,10,10,720365,9,0,0.0,Low Risk
C0456,35,Mumbai,Premium,30,11,1243170,11,0,0.0,Low Risk
C0457,41,Hyderabad,Regular,4,11,1047090,12,0,0.0,Low Risk
C0458,30,Hyderabad,Premium,31,12,1348570,12,0,0.0,Low Risk
C0459,20,Chennai,Regular,23,6,645085,6,0,0.0,Low Risk
C0460,51,Mumbai,Budget,20,7,377579,5,0,0.0,Low Risk
C0461,26,Hyderabad,Regular,24,13,1261200,12,0,0.0,Low Risk
C0462,43,Hyderabad,Regular,7,9,859556,10,0,0.0,Low Risk
C0463,50,Chennai,Budget,0,8,592934,8,0,0.0,Low Risk
C0464,48,Bangalore,Regular,53,11,1027550,9,1,96.0,High Risk
C0465,25,Hyderabad,Regular,16,8,483045,7,0,0.0,Low Risk
C0466,58,Hyderabad,Regular,59,7,797077,4,1,100.0,High Risk
C0467,59,Chennai,Premium,125,6,799618,4,1,100.0,High Risk
C0468,48,Hyderabad,Budget,7,9,342622,8,0,0.0,Low Risk
C0469,42,Chennai,Premium,74,9,695732,5,1,100.0,High Risk
C0470,54,Mumbai,Premium,10,8,805775,9,0,0.0,Low Risk
C0471,38,Mumbai,Regular,2,12,1106210,13,0,0.0,Low Risk
C0472,31,Hyderabad,Budget,25,15,1594510,13,0,0.0,Low Risk
C0473,65,Chennai,Premium,8,12,910747,12,0,0.0,Low Risk
C0474,31,Chennai,Regular,14,15,1404590,14,0,0.0,Low Risk
C0475,42,Mumbai,Regular,10,15,1502150,14,0,0.0,Low Risk
C0476,39,Chennai,Budget,113,7,757741,4,1,99.0,High Risk
C0477,59,Hyderabad,Regular,0,16,2027700,15,0,0.0,Low Risk
C0478,33,Hyderabad,Regular,18,8,349260,7,0,0.0,Low Risk
C0479,37,Chennai,Premium,37,11,1143290,9,0,0.0,Low Risk
C0480,63,Bangalore,Regular,43,11,1036120,9,0,2.0,Low Risk
C0481,53,Bangalore,Premium,39,9,740761,6,0,0.0,Low Risk
C0482,61,Pune,Regular,8,7,1246730,11,0,1.0,Low Risk
C0483,36,Bangalore,Budget,28,5,356179,5,0,0.0,Low Risk
C0484,40,Chennai,Regular,57,14,1140810,10,1,98.0,High Risk
C0485,31,Hyderabad,Regular,30,13,1255810,12,0,0.0,Low Risk
C0486,62,Mumbai,Premium,75,8,541142,4,1,100.0,High Risk
C0487,65,Mumbai,Premium,11,10,874118,10,0,1.0,Low Risk
C0488,51,Chennai,Premium,22,13,948053,10,0,0.0,Low Risk
C0489,24,Bangalore,Budget,51,11,838907,8,1,100.0,High Risk
C0490,24,Delhi,Budget,1,20,2035070,15,0,0.0,Low Risk
C0491,44,Pune,Budget,72,15,1358010,11,1,93.0,High Risk
C0492,36,Bangalore,Budget,6,7,746064,8,0,0.0,Low Risk
C0493,23,Hyderabad,Budget,1,14,1248080,15,0,0.0,Low Risk
C0494,29,Mumbai,Premium,44,11,1229890,10,0,0.0,Low Risk
C0495,49,Chennai,Regular,11,11,865168,10,0,0.0,Low Risk
C0496,18,Hyderabad,Budget,27,10,843738,9,0,0.0,Low Risk
C0497,39,Pune,Budget,29,12,1364460,12,0,0.0,Low Risk
C0498,51,Mumbai,Budget,82,9,564932,4,1,100.0,High Risk
C0499,35,Delhi,Regular,14,13,948873,11,0,0.0,Low Risk
C0500,64,Chennai,Regular,37,9,551652,5,0,0.0,Low Risk
